,id_str,screen_name,grado,degree_centrality
3,1197994613665083394,@EmmaRaducanu,1002,0.1705531914893617
0,259925559,@DjokerNole,336,0.05719148936170213
1,719870195695816704,@DaniilMedwed,335,0.057021276595744685
2,1194627927272542209,@leylahfernandez,77,0.013106382978723404
